run,skip_n,bench_type,arch,pol,prec,rec,acc,f1,time
0,0,quality,densenet169,none,0.6091576018214014,0.6090833992442213,0.605194664567206,0.5987789387993272,0.0
