run,skip_n,bench_type,arch,pol,prec,rec,acc,f1,time
0,0,quality,resnet101,none,0.06553911205073996,0.06704545454545455,0.11052589912596993,0.05812751319735245,0.0
