run,skip_n,bench_type,arch,pol,prec,rec,acc,f1,time
0,0,quality,densenet121,none,0.6994687579053883,0.6995873136403922,0.6965741390217723,0.6966954274378946,0.0
