run,skip_n,bench_type,arch,pol,prec,rec,acc,f1,time
0,0,quality,resnet34,none,0.717682772577789,0.718656656525895,0.7158940849311499,0.7095097892405416,0.0
