classifier,arch,acc,prec,rec,f1
1,msdnet4,0.5539112050739958,0.5532954545454546,0.5901190401238443,0.5406766194868343
2,msdnet4,0.5835095137420718,0.5826515151515151,0.6005412826552532,0.5751442859052385
3,msdnet4,0.6109936575052854,0.6110606060606061,0.6348182148733619,0.6066307939773615
4,msdnet4,0.6088794926004228,0.6082196969696969,0.6353282136679971,0.6084395669438851
