run,skip_n,bench_type,arch,pol,prec,rec,acc,f1,time
0,0,quality,resnet152,none,0.6132051606374905,0.6134083388158175,0.6130364652375909,0.5971731562544702,0.0
