classifier,arch,acc,prec,rec,f1
1,msdnet5,0.572938689217759,0.5728030303030303,0.5755811937245762,0.5664449998740941
2,msdnet5,0.6067653276955602,0.6066666666666667,0.6227079882836462,0.6050599800542372
3,msdnet5,0.6744186046511628,0.6749621212121212,0.6948228895287719,0.6732400931429737
4,msdnet5,0.642706131078224,0.6430681818181818,0.6593541071501597,0.641907428066467
5,msdnet5,0.6553911205073996,0.6563636363636365,0.6725307923285865,0.6562604660004446
