run,skip_n,bench_type,arch,pol,prec,rec,acc,f1,time
0,0,quality,resnet101,none,0.7040222615734885,0.7044818139472354,0.6962135514653587,0.6955606752886575,0.0
