run,skip_n,bench_type,arch,pol,prec,rec,acc,f1,time
0,0,quality,resnet152,none,0.5856236786469344,0.5854924242424243,0.6049469280719281,0.5748046921501795,0.0
