run,skip_n,bench_type,arch,pol,prec,rec,acc,f1,time
0,0,quality,resnet18,none,0.6979509233493549,0.698697913069611,0.6956915306832109,0.6900648446366768,0.0
