run,skip_n,bench_type,arch,pol,prec,rec,acc,f1,time
0,0,quality,resnet50,none,0.6463445484442196,0.6472781993456931,0.6444060886230393,0.6306768941842268,0.0
